{
  "scenario_id": "first_sim",
  "channel_stats": {
    "T_norm": {
      "min": 0.0,
      "max": 0.5829052329063416,
      "mean": 0.01211481261998415,
      "std": 0.03485102578997612
    },
    "V_norm": {
      "min": 0.0,
      "max": 0.9806907773017883,
      "mean": 0.3402863144874573,
      "std": 0.3734287619590759
    },
    "CO_norm": {
      "min": 0.0,
      "max": 0.7099939584732056,
      "mean": 0.2021157592535019,
      "std": 0.1950121521949768
    },
    "mask": {
      "min": 1.0,
      "max": 1.0,
      "mean": 1.0,
      "std": 0.0
    },
    "time_enc": {
      "min": 0.0,
      "max": 1.0,
      "mean": 0.5000943541526794,
      "std": 0.29814425110816956
    }
  },
  "shape_input": [
    31,
    5,
    60,
    40,
    6
  ],
  "shape_target": [
    31,
    3,
    60,
    40,
    6
  ]
}