{
  "checkpoint": "checkpoints\\conv_lstm\\best.pt",
  "n_params": 349411,
  "device": "cpu",
  "inference_ms_mean": 26.73524999525398,
  "inference_ms_std": 1.0296220093858672,
  "speedup_vs_fds_estimated": 1664.4691935889734,
  "single_step_per_scenario": {
    "scenario_000": {
      "n_pairs": 30,
      "rel_l2_mean": 0.15822570102912822,
      "rel_l2_max": 0.9651401669920512,
      "rmse_norm_T": 0.0034882611478678884,
      "rmse_norm_V": 0.04574873646100362,
      "rmse_norm_CO": 0.020625064553072055,
      "rmse_C": 4.1161481459935505,
      "rmse_m": 1.3724620997905732,
      "rmse_ppm": 2.4411532640457154
    },
    "scenario_007": {
      "n_pairs": 30,
      "rel_l2_mean": 0.12600475191037455,
      "rel_l2_max": 0.9243678853094964,
      "rmse_norm_T": 0.004541529629689952,
      "rmse_norm_V": 0.041131755833824474,
      "rmse_norm_CO": 0.019304479099810125,
      "rmse_C": 5.359004934628804,
      "rmse_m": 1.2339526891708374,
      "rmse_ppm": 4.276773794492086
    },
    "scenario_014": {
      "n_pairs": 30,
      "rel_l2_mean": 0.12631942097061902,
      "rel_l2_max": 0.9007987087012622,
      "rmse_norm_T": 0.007111946198468407,
      "rmse_norm_V": 0.046899979623655476,
      "rmse_norm_CO": 0.021691010581950346,
      "rmse_C": 8.392096424102784,
      "rmse_m": 1.406999401251475,
      "rmse_ppm": 6.476214043299357
    },
    "scenario_011": {
      "n_pairs": 30,
      "rel_l2_mean": 0.12378024775683322,
      "rel_l2_max": 0.9562842074167669,
      "rmse_norm_T": 0.0035346812025333443,
      "rmse_norm_V": 0.03942866263290246,
      "rmse_norm_CO": 0.017945293275018533,
      "rmse_C": 4.170923693974813,
      "rmse_m": 1.1828598837057749,
      "rmse_ppm": 2.9146984656651815
    },
    "scenario_032": {
      "n_pairs": 30,
      "rel_l2_mean": 0.11486781496377166,
      "rel_l2_max": 0.8379187347785285,
      "rmse_norm_T": 0.004242166341282427,
      "rmse_norm_V": 0.04109368218729893,
      "rmse_norm_CO": 0.018996624213953813,
      "rmse_C": 5.005756251017252,
      "rmse_m": 1.2328104595343272,
      "rmse_ppm": 2.9215846935908
    }
  },
  "autoregress_scenario_014": [
    {
      "step": 1,
      "t_idx": 11,
      "t_seconds": 110.0,
      "rel_l2": 0.06000260017972416,
      "rmse_norm_T": 0.0053119598887860775,
      "rmse_C_T": 6.268113136291504
    },
    {
      "step": 2,
      "t_idx": 12,
      "t_seconds": 120.0,
      "rel_l2": 0.06284848156398216,
      "rmse_norm_T": 0.005233154632151127,
      "rmse_C_T": 6.175121784210205
    },
    {
      "step": 3,
      "t_idx": 13,
      "t_seconds": 130.0,
      "rel_l2": 0.07099511087126625,
      "rmse_norm_T": 0.005483219400048256,
      "rmse_C_T": 6.470198631286621
    },
    {
      "step": 4,
      "t_idx": 14,
      "t_seconds": 140.0,
      "rel_l2": 0.07452747389755883,
      "rmse_norm_T": 0.005905235651880503,
      "rmse_C_T": 6.9681782722473145
    },
    {
      "step": 5,
      "t_idx": 15,
      "t_seconds": 150.0,
      "rel_l2": 0.08049351043871862,
      "rmse_norm_T": 0.006677989847958088,
      "rmse_C_T": 7.88002872467041
    },
    {
      "step": 6,
      "t_idx": 16,
      "t_seconds": 160.0,
      "rel_l2": 0.09294787409742644,
      "rmse_norm_T": 0.007043067831546068,
      "rmse_C_T": 8.310820579528809
    }
  ]
}