model,small_footprint,medium_footprint,large_footprint
¨ç Sparse-ConvLSTM ´Üµ¶,0.4122229172844483,0.5835249176757629,0.7144450810736233
¨è Sparse-FNO ´Üµ¶,0.2672517062568843,0.5240383520004702,0.7315507462396538
GNN cell-projected (geo IDW),0.18406400602669137,0.15207585808905222,0.2699175748769148
¨é Hand-crafted Balanced,0.4026526521552506,0.601464224061682,0.8043230691863883
¨ê Decoder fn=2.5 ¡Ú,0.6176876789297017,0.7707262061401245,0.7955459995211226
¨ë Decoder fn=4.0,0.577981992085825,0.7441081766662391,0.8102664850197904
¥á Tier 1 GNN (per-node),0.8333714720989258,0.8802216879990694,0.9417018481767052
