{
  "scenario_id": "sim_1000kw_1m2_001",
  "channel_stats": {
    "T_norm": {
      "min": 0.0,
      "max": 0.4598090350627899,
      "mean": 0.008634920231997967,
      "std": 0.028572743758559227
    },
    "V_norm": {
      "min": 0.0,
      "max": 0.9844081401824951,
      "mean": 0.2846151888370514,
      "std": 0.36082321405410767
    },
    "CO_norm": {
      "min": 0.0,
      "max": 0.684226930141449,
      "mean": 0.17140217125415802,
      "std": 0.1881490796804428
    },
    "mask": {
      "min": 1.0,
      "max": 1.0,
      "mean": 1.0,
      "std": 0.0
    },
    "time_enc": {
      "min": 0.0,
      "max": 1.0,
      "mean": 0.5001165866851807,
      "std": 0.2981431484222412
    }
  },
  "shape_input": [
    31,
    5,
    60,
    40,
    6
  ],
  "shape_target": [
    31,
    3,
    60,
    40,
    6
  ]
}